Condensed DOF,U Value
0,0.00000000000000000e+00
1,-6.61363426171126052e-06
2,0.00000000000000000e+00
3,0.00000000000000000e+00
4,0.00000000000000000e+00
5,-1.32272387621278706e-05
6,0.00000000000000000e+00
7,0.00000000000000000e+00
8,0.00000000000000000e+00
9,-1.98408730238391269e-05
10,0.00000000000000000e+00
11,0.00000000000000000e+00
