Local DOF,F Value
0,0.0
1,-3.9999583878168563
2,0.0
3,0.0
4,0.0
5,0.0
6,0.0
7,-305.9998710321654
8,0.0
9,0.0
10,0.0
11,0.0
