Local DOF,F Value
0,0.0
1,-4.00003671618018
2,0.0
3,0.0
4,0.0
5,0.0
6,0.0
7,-225.99966166869592
8,0.0
9,0.0
10,0.0
11,0.0
