Local DOF,F Value
0,0.0
1,-4.000042145280583
2,0.0
3,0.0
4,0.0
5,0.0
6,0.0
7,-385.99991495741716
8,0.0
9,0.0
10,0.0
11,0.0
