Local DOF,F Value
0,0.0
1,-3.999974887894365
2,0.0
3,0.0
4,0.0
5,0.0
6,0.0
7,-426.00005706012445
8,0.0
9,0.0
10,0.0
11,0.0
