Local DOF,F Value
0,0.0
1,-4.000040922444267
2,0.0
3,0.0
4,0.0
5,0.0
6,0.0
7,-525.9999701317737
8,0.0
9,0.0
10,0.0
11,0.0
