Local DOF,F Value
0,0.0
1,-3.9999578334020716
2,0.0
3,0.0
4,0.0
5,0.0
6,0.0
7,-585.9998997422975
8,0.0
9,0.0
10,0.0
11,0.0
