Local DOF,F Value
0,0.0
1,-3.9999935788372056
2,0.0
3,0.0
4,0.0
5,0.0
6,0.0
7,-1106.0002627263784
8,0.0
9,0.0
10,0.0
11,0.0
