Local DOF,F Value
0,0.0
1,-4.000043981524704
2,0.0
3,0.0
4,0.0
5,0.0
6,0.0
7,-1065.9999844485342
8,0.0
9,0.0
10,0.0
11,0.0
