Local DOF,F Value
0,0.0
1,-4.000029203059161
2,0.0
3,0.0
4,0.0
5,0.0
6,0.0
7,-1185.99985440037
8,0.0
9,0.0
10,0.0
11,0.0
