Local DOF,R_e Value
0,0.000000000000e+00
1,-4.830137147728e-06
2,0.000000000000e+00
3,0.000000000000e+00
4,-0.000000000000e+00
5,-9.465918831161e-07
6,0.000000000000e+00
7,-5.812606383810e-06
8,0.000000000000e+00
9,0.000000000000e+00
10,-0.000000000000e+00
11,-1.030274026922e-06
