Local DOF,R_e Value
0,0.000000000000e+00
1,-4.396520134263e-07
2,-0.000000000000e+00
3,0.000000000000e+00
4,-0.000000000000e+00
5,-3.049337408103e-07
6,0.000000000000e+00
7,-7.864505860240e-07
8,0.000000000000e+00
9,0.000000000000e+00
10,-0.000000000000e+00
11,-4.025866685321e-07
