Local DOF,R_e Value
0,0.000000000000e+00
1,-4.443089413999e-08
2,0.000000000000e+00
3,0.000000000000e+00
4,0.000000000000e+00
5,-1.036404065445e-07
6,0.000000000000e+00
7,-1.916468407069e-07
8,-0.000000000000e+00
9,0.000000000000e+00
10,0.000000000000e+00
11,-2.052849868146e-07
