Local DOF,R_e Value
0,0.000000000000e+00
1,-1.192743788406e-05
2,0.000000000000e+00
3,0.000000000000e+00
4,-0.000000000000e+00
5,-1.418747351841e-06
6,0.000000000000e+00
7,-1.337693046417e-05
8,0.000000000000e+00
9,0.000000000000e+00
10,-0.000000000000e+00
11,-1.490454538005e-06
