Local DOF,R_e Value
0,0.000000000000e+00
1,-9.723166556872e-05
2,0.000000000000e+00
3,0.000000000000e+00
4,-0.000000000000e+00
5,-2.739271525873e-06
6,0.000000000000e+00
7,-9.997093709430e-05
8,0.000000000000e+00
9,0.000000000000e+00
10,-0.000000000000e+00
11,-2.739271525191e-06
