Local DOF,R_e Value
0,0.000000000000e+00
1,-5.965667240861e-05
2,0.000000000000e+00
3,0.000000000000e+00
4,-0.000000000000e+00
5,-2.563068587113e-06
6,0.000000000000e+00
7,-6.223081307931e-05
8,0.000000000000e+00
9,0.000000000000e+00
10,-0.000000000000e+00
11,-2.588871769043e-06
