Local DOF,R_e Value
0,0.000000000000e+00
1,-2.013239833572e-04
2,0.000000000000e+00
3,0.000000000000e+00
4,-0.000000000000e+00
5,-2.739271519436e-06
6,0.000000000000e+00
7,-2.040632548766e-04
8,0.000000000000e+00
9,0.000000000000e+00
10,-0.000000000000e+00
11,-2.739271519388e-06
