Local DOF,R_e Value
0,0.000000000000e+00
1,-8.355441083846e-05
2,0.000000000000e+00
3,0.000000000000e+00
4,-0.000000000000e+00
5,-2.723447478347e-06
6,0.000000000000e+00
7,-8.628123221331e-05
8,0.000000000000e+00
9,0.000000000000e+00
10,-0.000000000000e+00
11,-2.731288223734e-06
