Local DOF,R_e Value
0,0.000000000000e+00
1,-3.121662349724e-06
2,0.000000000000e+00
3,0.000000000000e+00
4,-0.000000000000e+00
5,-7.732401166830e-07
6,0.000000000000e+00
7,-3.932490527608e-06
8,0.000000000000e+00
9,0.000000000000e+00
10,-0.000000000000e+00
11,-8.609139130365e-07
