Local DOF,R_e Value
0,0.000000000000e+00
1,-3.932490527608e-06
2,0.000000000000e+00
3,0.000000000000e+00
4,-0.000000000000e+00
5,-8.609139130365e-07
6,0.000000000000e+00
7,-4.830137147728e-06
8,0.000000000000e+00
9,0.000000000000e+00
10,-0.000000000000e+00
11,-9.465918831161e-07
