Local DOF,R_e Value
0,0.000000000000e+00
1,-1.109280231905e-04
2,0.000000000000e+00
3,0.000000000000e+00
4,-0.000000000000e+00
5,-2.739271522944e-06
6,0.000000000000e+00
7,-1.136672947132e-04
8,0.000000000000e+00
9,0.000000000000e+00
10,-0.000000000000e+00
11,-2.739271522498e-06
