Local DOF,F Value
0,0.0
1,-1.7066529417962282
2,0.0
3,0.0
4,0.0
5,0.0
6,0.0
7,-90.76001315651601
8,0.0
9,0.0
10,0.0
11,0.0
