Local DOF,F Value
0,0.0
1,-6.346673337755707
2,0.0
3,0.0
4,0.0
5,0.0
6,0.0
7,-1257.7198556189057
8,0.0
9,0.0
10,0.0
11,0.0
