Local DOF,F Value
0,0.0
1,-6.506736237505526
2,0.0
3,0.0
4,0.0
5,0.0
6,0.0
7,-1321.9603619892114
8,0.0
9,0.0
10,0.0
11,0.0
