Local DOF,F Value
0,0.0
1,-6.586696872417666
2,0.0
3,0.0
4,0.0
5,0.0
6,0.0
7,-1354.68062721764
8,0.0
9,0.0
10,0.0
11,0.0
