Local DOF,F Value
0,0.0
1,3.1263880373444436e-15
2,0.0
3,0.0
4,0.0
5,0.0
6,0.0
7,-10.000000000000012
8,0.0
9,0.0
10,0.0
11,0.0
