Local DOF,F Value
0,0.0
1,1.9184653865522616e-15
2,0.0
3,0.0
4,0.0
5,0.0
6,0.0
7,-9.999999999999956
8,0.0
9,0.0
10,0.0
11,0.0
