Local DOF,F Value
0,0.0
1,4.192202140984548e-15
2,0.0
3,0.0
4,0.0
5,0.0
6,0.0
7,-9.999999999999904
8,0.0
9,0.0
10,0.0
11,0.0
