Local DOF,F Value
0,0.0
1,1.4210854715202016e-15
2,0.0
3,0.0
4,0.0
5,0.0
6,0.0
7,-10.00000000000001
8,0.0
9,0.0
10,0.0
11,0.0
