Local DOF,R_e Value
0,0.000000000000e+00
1,-4.480152052821e-06
2,0.000000000000e+00
3,0.000000000000e+00
4,0.000000000000e+00
5,-7.316975871253e-07
6,0.000000000000e+00
7,-5.235228414139e-06
8,-0.000000000000e+00
9,0.000000000000e+00
10,-0.000000000000e+00
11,-7.862324490782e-07
