Local DOF,R_e Value
0,0.000000000000e+00
1,-9.034010883367e-05
2,0.000000000000e+00
3,0.000000000000e+00
4,-0.000000000000e+00
5,-2.352492427896e-06
6,0.000000000000e+00
7,-9.269797913118e-05
8,0.000000000000e+00
9,0.000000000000e+00
10,-0.000000000000e+00
11,-2.365031039923e-06
