Local DOF,R_e Value
0,0.000000000000e+00
1,-7.875685555108e-05
2,0.000000000000e+00
3,0.000000000000e+00
4,-0.000000000000e+00
5,-2.280265547146e-06
6,0.000000000000e+00
7,-8.104387833102e-05
8,0.000000000000e+00
9,0.000000000000e+00
10,-0.000000000000e+00
11,-2.296021730777e-06
