Local DOF,R_e Value
0,0.000000000000e+00
1,-1.119540357401e-04
2,0.000000000000e+00
3,0.000000000000e+00
4,-0.000000000000e+00
5,-2.444565161808e-06
6,0.000000000000e+00
7,-1.144018375035e-04
8,0.000000000000e+00
9,0.000000000000e+00
10,-0.000000000000e+00
11,-2.452109377748e-06
