Local DOF,R_e Value
0,0.000000000000e+00
1,-1.086784448672e-05
2,0.000000000000e+00
3,0.000000000000e+00
4,-0.000000000000e+00
5,-1.092916283484e-06
6,0.000000000000e+00
7,-1.198121963718e-05
8,0.000000000000e+00
9,0.000000000000e+00
10,-0.000000000000e+00
11,-1.140638372328e-06
