Local DOF,R_e Value
0,0.000000000000e+00
1,-5.898458353953e-05
2,0.000000000000e+00
3,0.000000000000e+00
4,-0.000000000000e+00
5,-2.106627118811e-06
6,0.000000000000e+00
7,-6.110075101690e-05
8,0.000000000000e+00
9,0.000000000000e+00
10,-0.000000000000e+00
11,-2.128875765706e-06
