Local DOF,R_e Value
0,0.000000000000e+00
1,-1.567906991975e-04
2,0.000000000000e+00
3,0.000000000000e+00
4,-0.000000000000e+00
5,-2.518248636556e-06
6,0.000000000000e+00
7,-1.593094411520e-04
8,0.000000000000e+00
9,0.000000000000e+00
10,-0.000000000000e+00
11,-2.519396419315e-06
