Local DOF,R_e Value
0,0.000000000000e+00
1,-3.780173101812e-06
2,0.000000000000e+00
3,0.000000000000e+00
4,-0.000000000000e+00
5,-6.761782382254e-07
6,0.000000000000e+00
7,-4.480152052821e-06
8,0.000000000000e+00
9,0.000000000000e+00
10,0.000000000000e+00
11,-7.316975871253e-07
