Local DOF,R_e Value
0,0.000000000000e+00
1,-1.229942621818e-07
2,-0.000000000000e+00
3,0.000000000000e+00
4,0.000000000000e+00
5,-1.319034535133e-07
6,0.000000000000e+00
7,-2.825281653679e-07
8,-0.000000000000e+00
9,0.000000000000e+00
10,-0.000000000000e+00
11,-1.963586698286e-07
