Local DOF,R_e Value
0,0.000000000000e+00
1,-1.314190558230e-05
2,0.000000000000e+00
3,0.000000000000e+00
4,-0.000000000000e+00
5,-1.187400836506e-06
6,0.000000000000e+00
7,-1.434894441286e-05
8,0.000000000000e+00
9,0.000000000000e+00
10,-0.000000000000e+00
11,-1.233207681926e-06
