Local DOF,R_e Value
0,0.000000000000e+00
1,-1.392088936157e-04
2,0.000000000000e+00
3,0.000000000000e+00
4,-0.000000000000e+00
5,-2.503223894175e-06
6,0.000000000000e+00
7,-1.417134118329e-04
8,0.000000000000e+00
9,0.000000000000e+00
10,-0.000000000000e+00
11,-2.506238792713e-06
