Local DOF,R_e Value
0,0.000000000000e+00
1,-7.821220075727e-06
2,0.000000000000e+00
3,0.000000000000e+00
4,-0.000000000000e+00
5,-9.439552036280e-07
6,0.000000000000e+00
7,-8.786877466303e-06
8,0.000000000000e+00
9,0.000000000000e+00
10,-0.000000000000e+00
11,-9.945782060830e-07
