Local DOF,R_e Value
0,0.000000000000e+00
1,-2.848563175969e-08
2,0.000000000000e+00
3,0.000000000000e+00
4,0.000000000000e+00
5,-6.645063484869e-08
6,0.000000000000e+00
7,-1.229942621818e-07
8,-0.000000000000e+00
9,0.000000000000e+00
10,0.000000000000e+00
11,-1.319034535133e-07
