Row,Col,K Value
0,0,8.00000000000000191e+09
0,4,-4.00000000000000095e+09
1,1,8.96017920000000381e+09
1,5,-4.48008960000000191e+09
2,2,3.58401792000000076e+10
2,6,-1.79200896000000038e+10
3,3,2.62615122000000067e+06
3,7,-1.31307561000000034e+06
4,0,-4.00000000000000095e+09
4,4,4.00000000000000095e+09
5,1,-4.48008960000000191e+09
5,5,4.48008960000000191e+09
6,2,-1.79200896000000038e+10
6,6,1.79200896000000038e+10
7,3,-1.31307561000000034e+06
7,7,1.31307561000000034e+06
