Local DOF,U_e Value
0,0.000000000000e+00
1,5.000199785335e+02
2,0.000000000000e+00
3,0.000000000000e+00
4,0.000000000000e+00
5,3.358050105359e+04
6,0.000000000000e+00
7,2.999924354435e-02
8,0.000000000000e+00
9,0.000000000000e+00
10,0.000000000000e+00
11,0.000000000000e+00
