Local DOF,U_e Value
0,0.000000000000e+00
1,2.000021015667e-02
2,0.000000000000e+00
3,0.000000000000e+00
4,0.000000000000e+00
5,0.000000000000e+00
6,0.000000000000e+00
7,1.929999581589e+00
8,0.000000000000e+00
9,0.000000000000e+00
10,0.000000000000e+00
11,0.000000000000e+00
