Local DOF,F Value
0,0.0
1,-0.0017333563780254154
2,0.0
3,0.0
4,0.0
5,0.0
6,0.0
7,-0.01859992502788179
8,0.0
9,0.0
10,0.0
11,0.0
