Local DOF,F Value
0,0.0
1,-0.002133347496276711
2,0.0
3,0.0
4,0.0
5,0.0
6,0.0
7,-0.028200021633387543
8,0.0
9,0.0
10,0.0
11,0.0
