Local DOF,F Value
0,0.0
1,-0.0029333009351991198
2,0.0
3,0.0
4,0.0
5,0.0
6,0.0
7,-0.05339995866391008
8,0.0
9,0.0
10,0.0
11,0.0
