Local DOF,F Value
0,0.0
1,-0.0037333071002703705
2,0.0
3,0.0
4,0.0
5,0.0
6,0.0
7,-0.08659959549045593
8,0.0
9,0.0
10,0.0
11,0.0
