Local DOF,F Value
0,0.0
1,-0.004933378751400479
2,0.0
3,0.0
4,0.0
5,0.0
6,0.0
7,-0.15139993122190085
8,0.0
9,0.0
10,0.0
11,0.0
