Local DOF,F Value
0,0.0
1,-0.012533390595421879
2,0.0
3,0.0
4,0.0
5,0.0
6,0.0
7,-0.9797990094143036
8,0.0
9,0.0
10,0.0
11,0.0
