Local DOF,F Value
0,0.0
1,-0.03773362545445611
2,0.0
3,0.0
4,0.0
5,0.0
6,0.0
7,-8.892600526028115
8,0.0
9,0.0
10,0.0
11,0.0
