Local DOF,U_e Value
0,0.000000000000e+00
1,9.999999787882e+02
2,0.000000000000e+00
3,0.000000000000e+00
4,0.000000000000e+00
5,5.049999822923e+04
6,0.000000000000e+00
7,1.000000000000e+01
8,0.000000000000e+00
9,0.000000000000e+00
10,0.000000000000e+00
11,0.000000000000e+00
