Local DOF,F Value
0,0.0
1,-3.9999595539406587
2,0.0
3,0.0
4,0.0
5,0.0
6,0.0
7,-165.99983380126255
8,0.0
9,0.0
10,0.0
11,0.0
