Local DOF,F Value
0,0.0
1,-3.9999665039031322
2,0.0
3,0.0
4,0.0
5,0.0
6,0.0
7,-846.0001182104252
8,0.0
9,0.0
10,0.0
11,0.0
