Local DOF,F Value
0,0.0
1,-3.9999890076388818
2,0.0
3,0.0
4,0.0
5,0.0
6,0.0
7,-1246.0002941182909
8,0.0
9,0.0
10,0.0
11,0.0
