Local DOF,F Value
0,0.0
1,7.912603905424483e-13
2,0.0
3,0.0
4,0.0
5,0.0
6,0.0
7,-2000.000000000003
8,0.0
9,0.0
10,0.0
11,0.0
