Local DOF,F Value
0,0.0
1,2.1827872842550282e-13
2,0.0
3,0.0
4,0.0
5,0.0
6,0.0
7,-2000.0000000000007
8,0.0
9,0.0
10,0.0
11,0.0
