Condensed DOF,U Value
0,0.00000000000000000e+00
1,-2.23209821517855218e-05
2,0.00000000000000000e+00
3,0.00000000000000000e+00
4,0.00000000000000000e+00
5,-4.46419643035710504e-05
6,0.00000000000000000e+00
7,0.00000000000000000e+00
