Global DOF,U Value
0,0.00000000000000000e+00
1,0.00000000000000000e+00
2,0.00000000000000000e+00
3,0.00000000000000000e+00
4,0.00000000000000000e+00
5,0.00000000000000000e+00
6,0.00000000000000000e+00
7,-2.23209821517855218e-05
8,0.00000000000000000e+00
9,0.00000000000000000e+00
10,0.00000000000000000e+00
11,0.00000000000000000e+00
12,0.00000000000000000e+00
13,-4.46419643035710504e-05
14,0.00000000000000000e+00
15,0.00000000000000000e+00
16,0.00000000000000000e+00
17,0.00000000000000000e+00
