Local DOF,R_e Value
0,0.000000000000e+00
1,-3.901192631650e-05
2,0.000000000000e+00
3,0.000000000000e+00
4,-0.000000000000e+00
5,-2.256067738910e-06
6,0.000000000000e+00
7,-4.128832297135e-05
8,0.000000000000e+00
9,0.000000000000e+00
10,-0.000000000000e+00
11,-2.303480017056e-06
