Local DOF,R_e Value
0,0.000000000000e+00
1,-2.641542574315e-05
2,0.000000000000e+00
3,0.000000000000e+00
4,-0.000000000000e+00
5,-1.941796384245e-06
6,0.000000000000e+00
7,-2.838124332188e-05
8,0.000000000000e+00
9,0.000000000000e+00
10,-0.000000000000e+00
11,-1.997822078217e-06
