Local DOF,R_e Value
0,0.000000000000e+00
1,-5.584388391636e-06
2,0.000000000000e+00
3,0.000000000000e+00
4,-0.000000000000e+00
5,-9.902862199597e-07
6,0.000000000000e+00
7,-6.608508618518e-06
8,0.000000000000e+00
9,0.000000000000e+00
10,0.000000000000e+00
11,-1.069204041104e-06
