Local DOF,R_e Value
0,0.000000000000e+00
1,-1.040348336363e-04
2,0.000000000000e+00
3,0.000000000000e+00
4,-0.000000000000e+00
5,-3.057420491723e-06
6,0.000000000000e+00
7,-1.071008932046e-04
8,0.000000000000e+00
9,0.000000000000e+00
10,-0.000000000000e+00
11,-3.077564081119e-06
