Local DOF,R_e Value
0,0.000000000000e+00
1,-4.272018584918e-08
2,0.000000000000e+00
3,0.000000000000e+00
4,0.000000000000e+00
5,-9.964875386577e-08
6,0.000000000000e+00
7,-1.842385234091e-07
8,-0.000000000000e+00
9,0.000000000000e+00
10,0.000000000000e+00
11,-1.973130861678e-07
