Local DOF,R_e Value
0,0.000000000000e+00
1,-2.419782612756e-04
2,-0.000000000000e+00
3,0.000000000000e+00
4,0.000000000000e+00
5,-3.369108683946e-06
6,0.000000000000e+00
7,-2.453474070249e-04
8,0.000000000000e+00
9,0.000000000000e+00
10,0.000000000000e+00
11,-3.369194219346e-06
