Local DOF,R_e Value
0,0.000000000000e+00
1,-1.699075404260e-06
2,0.000000000000e+00
3,0.000000000000e+00
4,-0.000000000000e+00
5,-5.685253650044e-07
6,0.000000000000e+00
7,-2.305345645305e-06
8,0.000000000000e+00
9,0.000000000000e+00
10,-0.000000000000e+00
11,-6.565669634372e-07
