Local DOF,R_e Value
0,0.000000000000e+00
1,-1.815096440036e-04
2,0.000000000000e+00
3,0.000000000000e+00
4,-0.000000000000e+00
5,-3.336528245271e-06
6,0.000000000000e+00
7,-1.848480483257e-04
8,0.000000000000e+00
9,0.000000000000e+00
10,-0.000000000000e+00
11,-3.340899104939e-06
