Local DOF,R_e Value
0,0.000000000000e+00
1,-4.598023962656e-05
2,0.000000000000e+00
3,0.000000000000e+00
4,-0.000000000000e+00
5,-2.394227385462e-06
6,0.000000000000e+00
7,-4.839306526150e-05
8,0.000000000000e+00
9,0.000000000000e+00
10,-0.000000000000e+00
11,-2.437602392246e-06
