Local DOF,R_e Value
0,0.000000000000e+00
1,-2.838124332188e-05
2,0.000000000000e+00
3,0.000000000000e+00
4,-0.000000000000e+00
5,-1.997822078217e-06
6,0.000000000000e+00
7,-3.040244983098e-05
8,0.000000000000e+00
9,0.000000000000e+00
10,-0.000000000000e+00
11,-2.052362307228e-06
