Local DOF,R_e Value
0,0.000000000000e+00
1,-1.948868605125e-04
2,0.000000000000e+00
3,0.000000000000e+00
4,-0.000000000000e+00
5,-3.351645204135e-06
6,0.000000000000e+00
7,-1.982397336250e-04
8,0.000000000000e+00
9,0.000000000000e+00
10,-0.000000000000e+00
11,-3.354504938126e-06
