Local DOF,R_e Value
0,0.000000000000e+00
1,-6.608508618518e-06
2,0.000000000000e+00
3,0.000000000000e+00
4,0.000000000000e+00
5,-1.069204041104e-06
6,0.000000000000e+00
7,-7.710790153344e-06
8,-0.000000000000e+00
9,0.000000000000e+00
10,-0.000000000000e+00
11,-1.146356981581e-06
