Row,Col,K Value
0,0,2.00000000000000048e+09
1,1,5.60011200000000238e+08
2,2,2.24001120000000048e+09
3,3,6.56537805000000168e+05
