DOF,F Value
0,0.00000000000000000e+00
1,-1.00000000000000000e+05
2,0.00000000000000000e+00
3,0.00000000000000000e+00
