Row,Col,K Value
0,0,200000000000.00012
0,6,-200000000000.00012
1,1,560011200000000.44
1,7,-560011200000000.44
2,2,2240011200000001.8
2,8,-2240011200000001.8
3,3,65653780.50000002
3,9,-65653780.50000002
6,0,-200000000000.00012
6,6,200000000000.00012
7,1,-560011200000000.44
7,7,560011200000000.44
8,2,-2240011200000001.8
8,8,2240011200000001.8
9,3,-65653780.50000002
9,9,65653780.50000002
