Row,Col,K Value
0,0,200000000000.0021
0,6,-200000000000.0021
1,1,560011200000017.1
1,7,-560011200000017.1
2,2,2240011200000068.8
2,8,-2240011200000068.8
3,3,65653780.500000685
3,9,-65653780.500000685
6,0,-200000000000.0021
6,6,200000000000.0021
7,1,-560011200000017.1
7,7,560011200000017.1
8,2,-2240011200000068.8
8,8,2240011200000068.8
9,3,-65653780.500000685
9,9,65653780.500000685
