Row,Col,K Value
0,0,199999999999.99985
0,6,-199999999999.99985
1,1,560011199999998.75
1,7,-560011199999998.75
2,2,2240011199999994.5
2,8,-2240011199999994.5
3,3,65653780.49999996
3,9,-65653780.49999996
6,0,-199999999999.99985
6,6,199999999999.99985
7,1,-560011199999998.75
7,7,560011199999998.75
8,2,-2240011199999994.5
8,8,2240011199999994.5
9,3,-65653780.49999996
9,9,65653780.49999996
