Local DOF,F Value
0,0.0
1,-0.6666583003042651
2,0.0
3,0.0
4,0.0
5,0.0
6,0.0
7,-13.799954672398414
8,0.0
9,0.0
10,0.0
11,0.0
