Local DOF,F Value
0,0.0
1,-0.10666368820487647
2,0.0
3,0.0
4,0.0
5,0.0
6,0.0
7,-0.3599522772397274
8,0.0
9,0.0
10,0.0
11,0.0
