Local DOF,F Value
0,0.0
1,-3.9466298087221197
2,0.0
3,0.0
4,0.0
5,0.0
6,0.0
7,-486.1201169408173
8,0.0
9,0.0
10,0.0
11,0.0
