Local DOF,F Value
0,0.0
1,-4.586622765618926
2,0.0
3,0.0
4,0.0
5,0.0
6,0.0
7,-656.6799283563811
8,0.0
9,0.0
10,0.0
11,0.0
