Local DOF,F Value
0,0.0
1,-6.0266996245047775
2,0.0
3,0.0
4,0.0
5,0.0
6,0.0
7,-1134.0405082285747
8,0.0
9,0.0
10,0.0
11,0.0
