Local DOF,R_e Value
0,0.000000000000e+00
1,-1.250964754643e-04
2,0.000000000000e+00
3,0.000000000000e+00
4,-0.000000000000e+00
5,-2.013299175511e-06
6,0.000000000000e+00
7,-1.271101697827e-04
8,0.000000000000e+00
9,0.000000000000e+00
10,-0.000000000000e+00
11,-2.014218314893e-06
