Local DOF,R_e Value
0,0.000000000000e+00
1,-1.010789894957e-04
2,0.000000000000e+00
3,0.000000000000e+00
4,-0.000000000000e+00
5,-1.983396688543e-06
6,0.000000000000e+00
7,-1.030641599898e-04
8,0.000000000000e+00
9,0.000000000000e+00
10,-0.000000000000e+00
11,-1.987530020460e-06
