Local DOF,R_e Value
0,0.000000000000e+00
1,-1.210723607312e-04
2,0.000000000000e+00
3,0.000000000000e+00
4,-0.000000000000e+00
5,-2.010883852168e-06
6,0.000000000000e+00
7,-1.230838070735e-04
8,0.000000000000e+00
9,0.000000000000e+00
10,-0.000000000000e+00
11,-2.012192966533e-06
