Local DOF,R_e Value
0,0.000000000000e+00
1,-2.136559905560e-08
2,0.000000000000e+00
3,0.000000000000e+00
4,0.000000000000e+00
5,-4.984250453869e-08
6,0.000000000000e+00
7,-9.228858503996e-08
8,-0.000000000000e+00
9,0.000000000000e+00
10,0.000000000000e+00
11,-9.901973467741e-08
