Local DOF,R_e Value
0,0.000000000000e+00
1,-5.395419825131e-05
2,0.000000000000e+00
3,0.000000000000e+00
4,-0.000000000000e+00
5,-1.738283884162e-06
6,0.000000000000e+00
7,-5.569930195200e-05
8,0.000000000000e+00
9,0.000000000000e+00
10,-0.000000000000e+00
11,-1.754187802262e-06
