Local DOF,R_e Value
0,0.000000000000e+00
1,-1.090422544015e-04
2,0.000000000000e+00
3,0.000000000000e+00
4,-0.000000000000e+00
5,-1.997925392947e-06
6,0.000000000000e+00
7,-1.110413987868e-04
8,0.000000000000e+00
9,0.000000000000e+00
10,-0.000000000000e+00
11,-2.000764971878e-06
