Local DOF,R_e Value
0,0.000000000000e+00
1,-9.122557740061e-05
2,0.000000000000e+00
3,0.000000000000e+00
4,-0.000000000000e+00
5,-1.957177809928e-06
6,0.000000000000e+00
7,-9.318533886565e-05
8,0.000000000000e+00
9,0.000000000000e+00
10,-0.000000000000e+00
11,-1.963199887512e-06
