Local DOF,R_e Value
0,0.000000000000e+00
1,-7.017768567069e-05
2,0.000000000000e+00
3,0.000000000000e+00
4,-0.000000000000e+00
5,-1.861672119094e-06
6,0.000000000000e+00
7,-7.204410403285e-05
8,0.000000000000e+00
9,0.000000000000e+00
10,-0.000000000000e+00
11,-1.872738643831e-06
