Local DOF,R_e Value
0,-0.000000000000e+00
1,-1.432385673797e-04
2,-0.000000000000e+00
3,-0.000000000000e+00
4,-0.000000000000e+00
5,-2.016857050220e-06
6,0.000000000000e+00
7,-1.452554281785e-04
8,0.000000000000e+00
9,0.000000000000e+00
10,-0.000000000000e+00
11,-2.016865484528e-06
