Local DOF,R_e Value
0,0.000000000000e+00
1,-7.204410403285e-05
2,0.000000000000e+00
3,0.000000000000e+00
4,-0.000000000000e+00
5,-1.872738643831e-06
6,0.000000000000e+00
7,-7.392137363107e-05
8,0.000000000000e+00
9,0.000000000000e+00
10,-0.000000000000e+00
11,-1.883302952085e-06
