Local DOF,R_e Value
0,0.000000000000e+00
1,-3.149350029054e-05
2,0.000000000000e+00
3,0.000000000000e+00
4,-0.000000000000e+00
5,-1.453737713188e-06
6,0.000000000000e+00
7,-3.295765021215e-05
8,0.000000000000e+00
9,0.000000000000e+00
10,-0.000000000000e+00
11,-1.478022933149e-06
