Local DOF,R_e Value
0,0.000000000000e+00
1,-4.222524905055e-05
2,0.000000000000e+00
3,0.000000000000e+00
4,-0.000000000000e+00
5,-1.610748207247e-06
6,0.000000000000e+00
7,-4.384456863687e-05
8,0.000000000000e+00
9,0.000000000000e+00
10,-0.000000000000e+00
11,-1.630738560290e-06
