Local DOF,R_e Value
0,0.000000000000e+00
1,-9.909815490514e-05
2,0.000000000000e+00
3,0.000000000000e+00
4,-0.000000000000e+00
5,-1.978908713540e-06
6,0.000000000000e+00
7,-1.010789894957e-04
8,0.000000000000e+00
9,0.000000000000e+00
10,-0.000000000000e+00
11,-1.983396688543e-06
