DOF,F Value
0,0.00000000000000000e+00
1,0.00000000000000000e+00
2,0.00000000000000000e+00
3,0.00000000000000000e+00
4,0.00000000000000000e+00
5,-1.00000000000000000e+05
6,0.00000000000000000e+00
7,0.00000000000000000e+00
