Local DOF,R_e Value
0,0.000000000000e+00
1,-1.943792241153e-06
2,0.000000000000e+00
3,0.000000000000e+00
4,-0.000000000000e+00
5,-4.118530091491e-07
6,0.000000000000e+00
7,-2.370994104741e-06
8,0.000000000000e+00
9,0.000000000000e+00
10,-0.000000000000e+00
11,-4.476353230589e-07
