Local DOF,R_e Value
0,-0.000000000000e+00
1,-6.713009089280e-05
2,-0.000000000000e+00
3,-0.000000000000e+00
4,-0.000000000000e+00
5,-7.470092455141e-07
6,0.000000000000e+00
7,-6.787710013832e-05
8,0.000000000000e+00
9,0.000000000000e+00
10,-0.000000000000e+00
11,-7.470092455140e-07
