Local DOF,R_e Value
0,0.000000000000e+00
1,-2.833122928107e-06
2,0.000000000000e+00
3,0.000000000000e+00
4,-0.000000000000e+00
5,-4.814218106585e-07
6,0.000000000000e+00
7,-3.328182884939e-06
8,0.000000000000e+00
9,0.000000000000e+00
10,0.000000000000e+00
11,-5.132124719476e-07
