Local DOF,R_e Value
0,0.000000000000e+00
1,-2.304704163649e-08
2,0.000000000000e+00
3,0.000000000000e+00
4,0.000000000000e+00
5,-5.374475070245e-08
6,0.000000000000e+00
7,-9.898347984234e-08
8,-0.000000000000e+00
9,0.000000000000e+00
10,0.000000000000e+00
11,-1.054936750943e-07
