Local DOF,R_e Value
0,0.000000000000e+00
1,-8.917066721500e-07
2,0.000000000000e+00
3,0.000000000000e+00
4,-0.000000000000e+00
5,-2.925311095582e-07
6,0.000000000000e+00
7,-1.202152698547e-06
8,0.000000000000e+00
9,0.000000000000e+00
10,-0.000000000000e+00
11,-3.343009023987e-07
