Local DOF,R_e Value
0,0.000000000000e+00
1,-7.548024909753e-06
2,0.000000000000e+00
3,0.000000000000e+00
4,-0.000000000000e+00
5,-6.798639642824e-07
6,0.000000000000e+00
7,-8.234684187145e-06
8,0.000000000000e+00
9,0.000000000000e+00
10,-0.000000000000e+00
11,-6.956880150903e-07
