Local DOF,R_e Value
0,0.000000000000e+00
1,-6.878330155345e-06
2,0.000000000000e+00
3,0.000000000000e+00
4,-0.000000000000e+00
5,-6.620440871647e-07
6,0.000000000000e+00
7,-7.548024909753e-06
8,0.000000000000e+00
9,0.000000000000e+00
10,-0.000000000000e+00
11,-6.798639642824e-07
