Local DOF,R_e Value
0,0.000000000000e+00
1,-1.558645279745e-05
2,0.000000000000e+00
3,0.000000000000e+00
4,-0.000000000000e+00
5,-7.470092566486e-07
6,0.000000000000e+00
7,-1.633346205385e-05
8,0.000000000000e+00
9,0.000000000000e+00
10,-0.000000000000e+00
11,-7.470092560676e-07
