Local DOF,R_e Value
0,0.000000000000e+00
1,-3.799673030982e-05
2,0.000000000000e+00
3,0.000000000000e+00
4,-0.000000000000e+00
5,-7.470092464136e-07
6,0.000000000000e+00
7,-3.874373955619e-05
8,0.000000000000e+00
9,0.000000000000e+00
10,-0.000000000000e+00
11,-7.470092462990e-07
