Local DOF,R_e Value
0,0.000000000000e+00
1,-5.891298919168e-05
2,0.000000000000e+00
3,0.000000000000e+00
4,-0.000000000000e+00
5,-7.470092456249e-07
6,0.000000000000e+00
7,-5.965999843730e-05
8,0.000000000000e+00
9,0.000000000000e+00
10,-0.000000000000e+00
11,-7.470092456109e-07
