Local DOF,R_e Value
0,0.000000000000e+00
1,-4.015412407199e-07
2,0.000000000000e+00
3,0.000000000000e+00
4,-0.000000000000e+00
5,-2.030040449467e-07
6,0.000000000000e+00
7,-6.241709107710e-07
8,0.000000000000e+00
9,0.000000000000e+00
10,-0.000000000000e+00
11,-2.487654904075e-07
