Local DOF,R_e Value
0,0.000000000000e+00
1,-1.111105000038e-05
2,0.000000000000e+00
3,0.000000000000e+00
4,-0.000000000000e+00
5,-7.390259552289e-07
6,0.000000000000e+00
7,-1.185259449805e-05
8,0.000000000000e+00
9,0.000000000000e+00
10,-0.000000000000e+00
11,-7.448708744918e-07
