Row,Col,K Value
0,0,200000000000.00003
0,6,-200000000000.00003
1,1,560011200000000.1
1,7,-560011200000000.1
2,2,2240011200000000.2
2,8,-2240011200000000.2
3,3,65653780.50000002
3,9,-65653780.50000002
6,0,-200000000000.00003
6,6,200000000000.00003
7,1,-560011200000000.1
7,7,560011200000000.1
8,2,-2240011200000000.2
8,8,2240011200000000.2
9,3,-65653780.50000002
9,9,65653780.50000002
