Row,Col,K Value
0,0,200000000000.00015
0,6,-200000000000.00015
1,1,560011200000001.2
1,7,-560011200000001.2
2,2,2240011200000004.0
2,8,-2240011200000004.0
3,3,65653780.50000006
3,9,-65653780.50000006
6,0,-200000000000.00015
6,6,200000000000.00015
7,1,-560011200000001.2
7,7,560011200000001.2
8,2,-2240011200000004.0
8,8,2240011200000004.0
9,3,-65653780.50000006
9,9,65653780.50000006
