Row,Col,K Value
0,0,200000000000.00037
0,6,-200000000000.00037
1,1,560011200000003.4
1,7,-560011200000003.4
2,2,2240011200000013.2
2,8,-2240011200000013.2
3,3,65653780.500000134
3,9,-65653780.500000134
6,0,-200000000000.00037
6,6,200000000000.00037
7,1,-560011200000003.4
7,7,560011200000003.4
8,2,-2240011200000013.2
8,8,2240011200000013.2
9,3,-65653780.500000134
9,9,65653780.500000134
