Local DOF,F_e Value
0,0.000000000000e+00
1,-7.733407699158e-03
2,0.000000000000e+00
3,0.000000000000e+00
4,0.000000000000e+00
5,0.000000000000e+00
6,0.000000000000e+00
7,-3.725999420279e-01
8,0.000000000000e+00
9,0.000000000000e+00
10,0.000000000000e+00
11,0.000000000000e+00
