Local DOF,F Value
0,0.0
1,-0.020000063122997357
2,0.0
3,0.0
4,0.0
5,0.0
6,0.0
7,-0.6300000816823824
8,0.0
9,0.0
10,0.0
11,0.0
