Local DOF,F Value
0,0.0
1,-0.02000021015667416
2,0.0
3,0.0
4,0.0
5,0.0
6,0.0
7,-1.92999958158936
8,0.0
9,0.0
10,0.0
11,0.0
