Local DOF,F Value
0,0.0
1,-0.0200001829305502
2,0.0
3,0.0
4,0.0
5,0.0
6,0.0
7,-1.1299983064136438
8,0.0
9,0.0
10,0.0
11,0.0
