Local DOF,F Value
0,0.0
1,-0.020000049389720262
2,0.0
3,0.0
4,0.0
5,0.0
6,0.0
7,-2.429998177155335
8,0.0
9,0.0
10,0.0
11,0.0
