Local DOF,F Value
0,0.0
1,-0.019999789343128817
2,0.0
3,0.0
4,0.0
5,0.0
6,0.0
7,-2.2299994310510645
8,0.0
9,0.0
10,0.0
11,0.0
