Local DOF,F Value
0,0.0
1,-0.02000003927305023
2,0.0
3,0.0
4,0.0
5,0.0
6,0.0
7,-3.4300007723045023
8,0.0
9,0.0
10,0.0
11,0.0
