Local DOF,F Value
0,0.0
1,-0.019999844285506205
2,0.0
3,0.0
4,0.0
5,0.0
6,0.0
7,-3.5300004916700605
8,0.0
9,0.0
10,0.0
11,0.0
