Local DOF,F Value
0,0.0
1,-0.020000093680550925
2,0.0
3,0.0
4,0.0
5,0.0
6,0.0
7,-3.8299985792413667
8,0.0
9,0.0
10,0.0
11,0.0
