Local DOF,F Value
0,0.0
1,-0.019999799403483908
2,0.0
3,0.0
4,0.0
5,0.0
6,0.0
7,-7.030000914764496
8,0.0
9,0.0
10,0.0
11,0.0
