Local DOF,U_e Value
0,0.000000000000e+00
1,3.333334964601e+02
2,0.000000000000e+00
3,0.000000000000e+00
4,0.000000000000e+00
5,2.516384372346e+04
6,0.000000000000e+00
7,1.999249336696e-04
8,0.000000000000e+00
9,0.000000000000e+00
10,0.000000000000e+00
11,0.000000000000e+00
