Row,Col,K Value
0,0,2.24001120000000042e+45
1,1,2.24001120000000042e+45
2,2,2.24001120000000042e+45
3,3,2.24001120000000042e+45
4,4,2.24001120000000042e+45
5,5,2.24001120000000042e+45
6,6,2.00000000000000048e+09
7,7,5.60011200000000238e+08
8,8,2.24001120000000048e+09
9,9,6.56537805000000168e+05
