Condensed DOF,U Value
0,0.00000000000000000e+00
1,-1.78567857214284229e-04
2,0.00000000000000000e+00
3,0.00000000000000000e+00
